{"cameraMode":{"drawMode":0,"name":"Shaded","section":"Shading Mode"},"sceneLighting":true,"audioPlay":false,"sceneViewState":{"showFog":true,"showMaterialUpdate":true,"showSkybox":true,"showFlares":true,"showImageEffects":true,"showParticleSystems":true},"in2DMode":false,"pivot":{"x":2.9058947563171388,"y":3.506682872772217,"z":4.529394149780273},"rotation":{"x":-0.18807317316532136,"y":-0.29197821021080019,"z":0.05867353826761246,"w":-0.9359138607978821},"size":18.4676456451416,"orthographic":false}